Timestamp,Acc_X,Acc_Y,Acc_Z,Latitude,Longitude
2026-05-14T10:27:08.016312,-0.05,-0.07,-1,51.538014,-0.002057
2026-05-14T10:27:08.074035,-0.05,-0.06,-0.99,51.538014,-0.002057
2026-05-14T10:27:08.132020,-0.05,-0.07,-1,51.538014,-0.002057
2026-05-14T10:27:08.193923,-0.05,-0.06,-0.99,51.538014,-0.002057
2026-05-14T10:27:08.281106,-0.05,-0.07,-1,51.538014,-0.002057
2026-05-14T10:27:08.342439,-0.05,-0.06,-0.99,51.538014,-0.002057
2026-05-14T10:27:08.405047,-0.05,-0.07,-1,51.538014,-0.002057
2026-05-14T10:27:08.462586,-0.05,-0.06,-0.99,51.538014,-0.002057
2026-05-14T10:27:08.523657,-0.05,-0.07,-1,51.538014,-0.002057
2026-05-14T10:27:08.613460,-0.05,-0.06,-0.99,51.538014,-0.002057
2026-05-14T10:27:08.675302,-0.05,-0.07,-1,51.538014,-0.002057
2026-05-14T10:27:08.734599,-0.05,-0.06,-0.99,51.538014,-0.002057
2026-05-14T10:27:08.794816,-0.05,-0.06,-1,51.538014,-0.002057
2026-05-14T10:27:08.855728,-0.05,-0.07,-0.99,51.538014,-0.002057
2026-05-14T10:27:08.944335,-0.05,-0.06,-1,51.538014,-0.002057
2026-05-14T10:27:09.004281,-0.05,-0.06,-0.99,51.538014,-0.002057
2026-05-14T10:27:09.066595,-0.05,-0.06,-1,51.538014,-0.002057
2026-05-14T10:27:09.122205,-0.05,-0.06,-0.99,51.538014,-0.002057
2026-05-14T10:27:09.185328,-0.05,-0.07,-1,51.538014,-0.002057
2026-05-14T10:27:09.272068,-0.05,-0.07,-0.99,51.538014,-0.002057
2026-05-14T10:27:09.331849,-0.05,-0.07,-1,51.538014,-0.002057
2026-05-14T10:27:09.426922,-0.05,-0.07,-0.99,51.538014,-0.002057
2026-05-14T10:27:09.456916,-0.05,-0.07,-1,51.538014,-0.002057
2026-05-14T10:27:09.511944,-0.05,-0.06,-0.99,51.5380233,-0.0021679
2026-05-14T10:27:09.635787,-0.05,-0.07,-1,51.5380233,-0.0021679
2026-05-14T10:27:09.661308,-0.05,-0.07,-0.99,51.5380233,-0.0021679
2026-05-14T10:27:09.723438,-0.05,-0.07,-1,51.5380233,-0.0021679
2026-05-14T10:27:09.783942,-0.05,-0.06,-0.99,51.5380233,-0.0021679
2026-05-14T10:27:09.844642,-0.05,-0.07,-1,51.5380233,-0.0021679
2026-05-14T10:27:09.932884,-0.05,-0.06,-0.99,51.5380233,-0.0021679
2026-05-14T10:27:09.991114,-0.05,-0.06,-1,51.5380233,-0.0021679
2026-05-14T10:27:10.054786,-0.05,-0.07,-1,51.5380233,-0.0021679
2026-05-14T10:27:10.146481,-0.05,-0.06,-1,51.5380233,-0.0021679
2026-05-14T10:27:10.172056,-0.05,-0.06,-1,51.5380233,-0.0021679
2026-05-14T10:27:10.262550,-0.05,-0.07,-1,51.5380233,-0.0021679
2026-05-14T10:27:10.321903,-0.05,-0.07,-0.99,51.5380233,-0.0021679
2026-05-14T10:27:10.383909,-0.05,-0.07,-1,51.5380233,-0.0021679
2026-05-14T10:27:10.441825,-0.05,-0.07,-1,51.5380233,-0.0021679
2026-05-14T10:27:10.505351,-0.05,-0.07,-1,51.5380233,-0.0021679
2026-05-14T10:27:10.595391,-0.05,-0.07,-1,51.5380233,-0.0021679
2026-05-14T10:27:10.653463,-0.05,-0.06,-1,51.5380233,-0.0021679
2026-05-14T10:27:10.715095,-0.05,-0.06,-1,51.5380233,-0.0021679
2026-05-14T10:27:10.774528,-0.05,-0.06,-0.99,51.5380233,-0.0021679
2026-05-14T10:27:10.832371,-0.05,-0.07,-1,51.5380233,-0.0021679
2026-05-14T10:27:10.925490,-0.05,-0.07,-1,51.5380233,-0.0021679
2026-05-14T10:27:10.983681,-0.05,-0.07,-1,51.5380233,-0.0021679
2026-05-14T10:27:11.044458,-0.05,-0.06,-1,51.5380233,-0.0021679
2026-05-14T10:27:11.104169,-0.05,-0.06,-0.99,51.5380233,-0.0021679
2026-05-14T10:27:11.163679,-0.05,-0.07,-1,51.5380233,-0.0021679
2026-05-14T10:27:11.255006,-0.05,-0.07,-1,51.5380233,-0.0021679
2026-05-14T10:27:11.317068,-0.05,-0.07,-1,51.5380233,-0.0021679
2026-05-14T10:27:11.372673,-0.05,-0.06,-1,51.5380233,-0.0021679
2026-05-14T10:27:11.435597,-0.05,-0.07,-1,51.5380233,-0.0021679
2026-05-14T10:27:11.493478,-0.05,-0.07,-1,51.5380233,-0.0021679
2026-05-14T10:27:11.587934,-0.05,-0.07,-1,51.5380233,-0.0021679
2026-05-14T10:27:11.642351,-0.05,-0.07,-1,51.5380233,-0.0021679
2026-05-14T10:27:11.704112,-0.05,-0.07,-1,51.5380233,-0.0021679
2026-05-14T10:27:11.763147,-0.02,-0.11,-0.99,51.5380233,-0.0021679
2026-05-14T10:27:11.824196,-0.03,-0.08,-1,51.5380233,-0.0021679
2026-05-14T10:27:11.916813,-0.05,-0.06,-0.99,51.5380233,-0.0021679
2026-05-14T10:27:11.971805,-0.04,-0.07,-1.01,51.5380233,-0.0021679
2026-05-14T10:27:12.031947,-0.04,-0.07,-0.99,51.5380233,-0.0021679
2026-05-14T10:27:12.096403,-0.04,-0.07,-1,51.5380233,-0.0021679
2026-05-14T10:27:12.215958,-0.04,-0.07,-1,51.5380233,-0.0021679
2026-05-14T10:27:12.240083,-0.04,-0.07,-0.99,51.5380233,-0.0021679
2026-05-14T10:27:12.302288,-0.04,-0.07,-1,51.5380233,-0.0021679
2026-05-14T10:27:12.359745,-0.04,-0.07,-0.99,51.5380233,-0.0021679
2026-05-14T10:27:12.421170,-0.04,-0.07,-0.99,51.5380233,-0.0021679
2026-05-14T10:27:12.482315,-0.04,-0.07,-0.99,51.5380233,-0.0021679
2026-05-14T10:27:12.575046,-0.04,-0.07,-1,51.5380233,-0.0021679
2026-05-14T10:27:12.635359,-0.04,-0.07,-1,51.5380233,-0.0021679
2026-05-14T10:27:12.692219,-0.04,-0.07,-1,51.5380233,-0.0021679
2026-05-14T10:27:12.754408,-0.04,-0.07,-1,51.5380233,-0.0021679
2026-05-14T10:27:12.813673,-0.04,-0.07,-1,51.5380233,-0.0021679
2026-05-14T10:27:12.905765,-0.04,-0.07,-1,51.5380233,-0.0021679
2026-05-14T10:27:12.963966,-0.04,-0.07,-1,51.5380233,-0.0021679
2026-05-14T10:27:13.024901,-0.04,-0.07,-1,51.5380233,-0.0021679
2026-05-14T10:27:13.081916,-0.04,-0.07,-1,51.5380233,-0.0021679
2026-05-14T10:27:13.174585,-0.04,-0.07,-1,51.5380233,-0.0021679
2026-05-14T10:27:13.232948,-0.04,-0.07,-0.99,51.5380233,-0.0021679
2026-05-14T10:27:13.293351,-0.04,-0.07,-1,51.5380233,-0.0021679
2026-05-14T10:27:13.353862,-0.04,-0.07,-1,51.5380233,-0.0021679
2026-05-14T10:27:13.412791,-0.04,-0.07,-1,51.5380233,-0.0021679
2026-05-14T10:27:13.475133,-0.04,-0.07,-1,51.5380233,-0.0021679
2026-05-14T10:27:13.563794,-0.04,-0.07,-1,51.5380233,-0.0021679
2026-05-14T10:27:13.625675,-0.04,-0.07,-1,51.5380233,-0.0021679
2026-05-14T10:27:13.683457,-0.04,-0.07,-1,51.5380233,-0.0021679
2026-05-14T10:27:13.747219,-0.04,-0.07,-1,51.5380233,-0.0021679
2026-05-14T10:27:13.805641,-0.04,-0.07,-0.99,51.5380233,-0.0021679
2026-05-14T10:27:13.894680,-0.04,-0.07,-1,51.5380233,-0.0021679
2026-05-14T10:27:13.954172,-0.04,-0.07,-1,51.5380233,-0.0021679
2026-05-14T10:27:14.014561,-0.04,-0.07,-1,51.5380233,-0.0021679
2026-05-14T10:27:14.076106,-0.04,-0.07,-0.99,51.5380233,-0.0021679
2026-05-14T10:27:14.131872,-0.04,-0.07,-1,51.5380233,-0.0021679
2026-05-14T10:27:14.220954,-0.04,-0.07,-1,51.5380233,-0.0021679
2026-05-14T10:27:14.281266,-0.04,-0.07,-0.99,51.5380233,-0.0021679
2026-05-14T10:27:14.341558,-0.04,-0.07,-0.99,51.5380233,-0.0021679
2026-05-14T10:27:14.401683,-0.04,-0.07,-1,51.5380233,-0.0021679
2026-05-14T10:27:14.463282,-0.04,-0.07,-0.99,51.5380233,-0.0021679
2026-05-14T10:27:14.551363,-0.04,-0.07,-1,51.5380233,-0.0021679
2026-05-14T10:27:14.672833,-0.04,-0.07,-1,51.5380233,-0.0021679
2026-05-14T10:27:14.673488,-0.04,-0.07,-1,51.5380233,-0.0021679
2026-05-14T10:27:14.731766,-0.04,-0.07,-0.99,51.5380233,-0.0021679
2026-05-14T10:27:14.791263,-0.04,-0.07,-1,51.5380233,-0.0021679
2026-05-14T10:27:14.881705,-0.04,-0.07,-0.99,51.5380233,-0.0021679
2026-05-14T10:27:14.971304,-0.04,-0.07,-1,51.5380233,-0.0021679
2026-05-14T10:27:15.000786,-0.04,-0.07,-0.99,51.5380233,-0.0021679
2026-05-14T10:27:15.062106,-0.04,-0.07,-1,51.5380233,-0.0021679
2026-05-14T10:27:15.122188,-0.04,-0.07,-0.99,51.5380233,-0.0021679
2026-05-14T10:27:15.211634,-0.04,-0.07,-1,51.5380233,-0.0021679
2026-05-14T10:27:15.271331,-0.04,-0.07,-0.99,51.5380233,-0.0021679
2026-05-14T10:27:15.331135,-0.04,-0.07,-1,51.5380233,-0.0021679
2026-05-14T10:27:15.391681,-0.04,-0.07,-0.99,51.5380233,-0.0021679
2026-05-14T10:27:15.451333,-0.04,-0.07,-1,51.5380233,-0.0021679
2026-05-14T10:27:15.575490,-0.04,-0.07,-0.99,51.5380233,-0.0021679
2026-05-14T10:27:15.603194,-0.04,-0.07,-1,51.5380233,-0.0021679
2026-05-14T10:27:15.663390,-0.04,-0.07,-0.99,51.5380233,-0.0021679
2026-05-14T10:27:15.723895,-0.04,-0.07,-1,51.5380233,-0.0021679
2026-05-14T10:27:15.784860,-0.04,-0.07,-0.99,51.5380233,-0.0021679
2026-05-14T10:27:15.873084,-0.04,-0.07,-0.99,51.5380233,-0.0021679
2026-05-14T10:27:15.932300,-0.04,-0.07,-0.99,51.5380233,-0.0021679
2026-05-14T10:27:15.993718,-0.04,-0.07,-1,51.5380233,-0.0021679
2026-05-14T10:27:16.055740,-0.04,-0.07,-0.99,51.5380233,-0.0021679
2026-05-14T10:27:16.115040,-0.04,-0.07,-1,51.5380233,-0.0021679
2026-05-14T10:27:16.234791,-0.04,-0.07,-0.99,51.5380233,-0.0021679
2026-05-14T10:27:16.261499,-0.04,-0.07,-1,51.5380233,-0.0021679
2026-05-14T10:27:16.325147,-0.04,-0.07,-0.99,51.5380233,-0.0021679
2026-05-14T10:27:16.381860,-0.04,-0.07,-1,51.5380233,-0.0021679
2026-05-14T10:27:16.474759,-0.04,-0.07,-0.99,51.5380233,-0.0021679
2026-05-14T10:27:16.536276,-0.04,-0.07,-1,51.5380233,-0.0021679
2026-05-14T10:27:16.600067,-0.04,-0.07,-0.99,51.5380233,-0.0021679
2026-05-14T10:27:16.656029,-0.04,-0.07,-1,51.5380233,-0.0021679
2026-05-14T10:27:16.747889,-0.04,-0.07,-0.99,51.5380233,-0.0021679
2026-05-14T10:27:16.802745,-0.04,-0.07,-1,51.5380233,-0.0021679
2026-05-14T10:27:16.863375,-0.04,-0.07,-0.99,51.5380233,-0.0021679
2026-05-14T10:27:16.925335,-0.04,-0.07,-1,51.5380233,-0.0021679
2026-05-14T10:27:16.984369,-0.04,-0.07,-0.99,51.5380233,-0.0021679
2026-05-14T10:27:17.138620,-0.04,-0.07,-1,51.5380233,-0.0021679
2026-05-14T10:27:17.139497,-0.04,-0.07,-0.99,51.5380233,-0.0021679
2026-05-14T10:27:17.194934,-0.04,-0.07,-1,51.5380233,-0.0021679
2026-05-14T10:27:17.283192,-0.04,-0.07,-0.99,51.5380233,-0.0021679
2026-05-14T10:27:17.344553,-0.04,-0.07,-1,51.5380233,-0.0021679
2026-05-14T10:27:17.407630,-0.04,-0.07,-0.99,51.5380233,-0.0021679
2026-05-14T10:27:17.437202,-0.04,-0.07,-0.99,51.5380233,-0.0021679
2026-05-14T10:27:17.525522,-0.04,-0.07,-0.99,51.5380233,-0.0021679
2026-05-14T10:27:17.613662,-0.04,-0.07,-1,51.5380233,-0.0021679
2026-05-14T10:27:17.645832,-0.04,-0.07,-0.99,51.5380233,-0.0021679
2026-05-14T10:27:17.706756,-0.04,-0.07,-1,51.5380233,-0.0021679
2026-05-14T10:27:17.765195,-0.04,-0.07,-0.99,51.5380233,-0.0021679
2026-05-14T10:27:17.855083,-0.04,-0.07,-1,51.5380233,-0.0021679
2026-05-14T10:27:17.915162,-0.04,-0.07,-0.99,51.5380233,-0.0021679
2026-05-14T10:27:17.976606,-0.04,-0.07,-1,51.5380233,-0.0021679
2026-05-14T10:27:18.064323,-0.04,-0.07,-0.99,51.5380233,-0.0021679
2026-05-14T10:27:18.094276,-0.04,-0.07,-1,51.5380233,-0.0021679
2026-05-14T10:27:18.187560,-0.04,-0.07,-1,51.5380233,-0.0021679
2026-05-14T10:27:18.245197,-0.04,-0.07,-1,51.5380233,-0.0021679
2026-05-14T10:27:18.304647,-0.04,-0.07,-1,51.5380233,-0.0021679
2026-05-14T10:27:18.363803,-0.04,-0.07,-1,51.5380233,-0.0021679
2026-05-14T10:27:18.423561,-0.04,-0.07,-1,51.5380233,-0.0021679
2026-05-14T10:27:18.546307,-0.04,-0.07,-1,51.5380233,-0.0021679
2026-05-14T10:27:18.570010,-0.04,-0.07,-1,51.5380233,-0.0021679
2026-05-14T10:27:18.633534,-0.04,-0.07,-1,51.5380233,-0.0021679
2026-05-14T10:27:18.694831,-0.04,-0.07,-1,51.5380233,-0.0021679
2026-05-14T10:27:18.754546,-0.04,-0.07,-1,51.5380233,-0.0021679
2026-05-14T10:27:18.842591,-0.04,-0.07,-1,51.5380233,-0.0021679
2026-05-14T10:27:18.904298,-0.04,-0.07,-1,51.5380233,-0.0021679
2026-05-14T10:27:18.970114,-0.04,-0.07,-0.99,51.5380233,-0.0021679
2026-05-14T10:27:19.051992,-0.04,-0.07,-1,51.5380309,-0.0026362
2026-05-14T10:27:19.081102,-0.04,-0.07,-1,51.5380309,-0.0026362
2026-05-14T10:27:19.175254,-0.04,-0.07,-1,51.5380309,-0.0026362
2026-05-14T10:27:19.235918,-0.04,-0.07,-1,51.5380309,-0.0026362
2026-05-14T10:27:19.326064,-0.04,-0.07,-0.99,51.5380309,-0.0026362
2026-05-14T10:27:19.354536,-0.04,-0.07,-1,51.5380309,-0.0026362
2026-05-14T10:27:19.414540,-0.04,-0.07,-0.99,51.5380309,-0.0026362
2026-05-14T10:27:19.503294,-0.04,-0.07,-1,51.5380309,-0.0026362
2026-05-14T10:27:19.565609,-0.04,-0.07,-1,51.5380309,-0.0026362
2026-05-14T10:27:19.623890,-0.04,-0.07,-1,51.5380309,-0.0026362
2026-05-14T10:27:19.684188,-0.04,-0.07,-1,51.5380309,-0.0026362
2026-05-14T10:27:19.774786,-0.04,-0.07,-1,51.5380309,-0.0026362
2026-05-14T10:27:19.832939,-0.04,-0.07,-1,51.5380309,-0.0026362
2026-05-14T10:27:19.892585,-0.04,-0.07,-1,51.5380309,-0.0026362
2026-05-14T10:27:19.954419,-0.04,-0.07,-1,51.5380309,-0.0026362
2026-05-14T10:27:20.014819,-0.04,-0.07,-1,51.5380309,-0.0026362
2026-05-14T10:27:20.075220,-0.04,-0.07,-1,51.5380309,-0.0026362
2026-05-14T10:27:20.165366,-0.04,-0.07,-1,51.5380309,-0.0026362
2026-05-14T10:27:20.255573,-0.04,-0.07,-1,51.5380309,-0.0026362
2026-05-14T10:27:20.283787,-0.04,-0.07,-0.99,51.5380309,-0.0026362
2026-05-14T10:27:20.347524,-0.04,-0.07,-1,51.5380309,-0.0026362
2026-05-14T10:27:20.402609,-0.04,-0.07,-1,51.5380309,-0.0026362
2026-05-14T10:27:20.492694,-0.04,-0.07,-1,51.5380309,-0.0026362
2026-05-14T10:27:20.552156,-0.04,-0.07,-1,51.5380309,-0.0026362
2026-05-14T10:27:20.611773,-0.04,-0.07,-1,51.5380309,-0.0026362
2026-05-14T10:27:20.672679,-0.04,-0.07,-1,51.5380309,-0.0026362
2026-05-14T10:27:20.732135,-0.04,-0.07,-1,51.5380309,-0.0026362
2026-05-14T10:27:20.821551,-0.04,-0.07,-1,51.5380309,-0.0026362
2026-05-14T10:27:20.882145,-0.04,-0.07,-1,51.5380309,-0.0026362
2026-05-14T10:27:20.943822,-0.03,-0.08,-1,51.5380309,-0.0026362
2026-05-14T10:27:21.001784,-0.05,-0.06,-0.99,51.5380309,-0.0026362
2026-05-14T10:27:21.061302,-0.04,-0.06,-1,51.5380309,-0.0026362
2026-05-14T10:27:21.153385,-0.04,-0.06,-1,51.5380309,-0.0026362
2026-05-14T10:27:21.211795,-0.04,-0.07,-0.99,51.5380309,-0.0026362
2026-05-14T10:27:21.272848,-0.04,-0.07,-1,51.5380309,-0.0026362
2026-05-14T10:27:21.332058,-0.05,-0.06,-0.99,51.5380309,-0.0026362
2026-05-14T10:27:21.391882,-0.04,-0.07,-1,51.5380309,-0.0026362
2026-05-14T10:27:21.482684,-0.04,-0.06,-0.99,51.5380309,-0.0026362
2026-05-14T10:27:21.542066,-0.04,-0.07,-1,51.5380309,-0.0026362
2026-05-14T10:27:21.602032,-0.04,-0.06,-1,51.5380309,-0.0026362
2026-05-14T10:27:21.661649,-0.04,-0.06,-1,51.5380309,-0.0026362
2026-05-14T10:27:21.721261,-0.04,-0.06,-1,51.5380309,-0.0026362
2026-05-14T10:27:21.812889,-0.04,-0.06,-1,51.5380309,-0.0026362
2026-05-14T10:27:21.872851,-0.04,-0.06,-1,51.5380309,-0.0026362
2026-05-14T10:27:21.931660,-0.04,-0.06,-0.99,51.5380309,-0.0026362
2026-05-14T10:27:21.993657,-0.04,-0.06,-1,51.5380309,-0.0026362
2026-05-14T10:27:22.054417,-0.04,-0.06,-0.99,51.5380309,-0.0026362
2026-05-14T10:27:22.141541,-0.04,-0.06,-1,51.5380288,-0.0026505
2026-05-14T10:27:22.201054,-0.04,-0.06,-0.99,51.5380288,-0.0026505
2026-05-14T10:27:22.265905,-0.04,-0.06,-1,51.5380288,-0.0026505
2026-05-14T10:27:22.321032,-0.04,-0.06,-0.99,51.5380288,-0.0026505
2026-05-14T10:27:22.380914,-0.04,-0.06,-1,51.5380288,-0.0026505
2026-05-14T10:27:22.469935,-0.04,-0.06,-1,51.5380288,-0.0026505
2026-05-14T10:27:22.544033,-0.04,-0.06,-1,51.5380288,-0.0026505
2026-05-14T10:27:22.593533,-0.04,-0.06,-0.99,51.5380288,-0.0026505
2026-05-14T10:27:22.650727,-0.04,-0.06,-1,51.5380288,-0.0026505
2026-05-14T10:27:22.713882,-0.04,-0.06,-1,51.5380288,-0.0026505
2026-05-14T10:27:22.801035,-0.04,-0.06,-1,51.5380288,-0.0026505
2026-05-14T10:27:22.865640,-0.04,-0.06,-1,51.5380288,-0.0026505
2026-05-14T10:27:22.922336,-0.04,-0.06,-1,51.5380288,-0.0026505
2026-05-14T10:27:22.983513,-0.04,-0.06,-1,51.5380288,-0.0026505
2026-05-14T10:27:23.042112,-0.04,-0.06,-1,51.5380288,-0.0026505
2026-05-14T10:27:23.132040,-0.04,-0.06,-0.99,51.5380288,-0.0026505
2026-05-14T10:27:23.191274,-0.04,-0.06,-1,51.5380288,-0.0026505
2026-05-14T10:27:23.252568,-0.04,-0.06,-0.99,51.5380288,-0.0026505
2026-05-14T10:27:23.315901,-0.04,-0.06,-1,51.5380288,-0.0026505
2026-05-14T10:27:23.376088,-0.04,-0.06,-0.99,51.5380288,-0.0026505
2026-05-14T10:27:23.464603,-0.04,-0.06,-1,51.5380288,-0.0026505
2026-05-14T10:27:23.524837,-0.04,-0.06,-0.99,51.5380288,-0.0026505
2026-05-14T10:27:23.585125,-0.04,-0.06,-1,51.5380288,-0.0026505
2026-05-14T10:27:23.643717,-0.04,-0.06,-0.99,51.5380288,-0.0026505
2026-05-14T10:27:23.707156,-0.04,-0.06,-1,51.5380288,-0.0026505
2026-05-14T10:27:23.794363,-0.04,-0.06,-0.99,51.5380288,-0.0026505
2026-05-14T10:27:23.853842,-0.04,-0.06,-1,51.5380288,-0.0026505
2026-05-14T10:27:23.912779,-0.04,-0.06,-0.99,51.5380288,-0.0026505
2026-05-14T10:27:23.974821,-0.04,-0.06,-1,51.5380288,-0.0026505
2026-05-14T10:27:24.035053,-0.04,-0.06,-0.99,51.5380288,-0.0026505
2026-05-14T10:27:24.155042,-0.04,-0.06,-1,51.5380288,-0.0026505
2026-05-14T10:27:24.181330,-0.04,-0.06,-0.99,51.5380288,-0.0026505
2026-05-14T10:27:24.243301,-0.04,-0.06,-1,51.5380288,-0.0026505
2026-05-14T10:27:24.333180,-0.04,-0.06,-0.99,51.5380288,-0.0026505
2026-05-14T10:27:24.362391,-0.04,-0.06,-1,51.5380288,-0.0026505
2026-05-14T10:27:24.453074,-0.04,-0.06,-0.99,51.5380288,-0.0026505
2026-05-14T10:27:24.512289,-0.04,-0.06,-1,51.5380288,-0.0026505
2026-05-14T10:27:24.575445,-0.04,-0.06,-0.99,51.5380288,-0.0026505
2026-05-14T10:27:24.634994,-0.04,-0.06,-1,51.5380288,-0.0026505
2026-05-14T10:27:24.695288,-0.04,-0.06,-0.99,51.5380288,-0.0026505
2026-05-14T10:27:24.783868,-0.04,-0.06,-1,51.5380288,-0.0026505
2026-05-14T10:27:24.841524,-0.04,-0.06,-0.99,51.5380288,-0.0026505
2026-05-14T10:27:24.903847,-0.04,-0.06,-1,51.5380288,-0.0026505
2026-05-14T10:27:24.963611,-0.04,-0.06,-0.99,51.5380288,-0.0026505
2026-05-14T10:27:25.024595,-0.04,-0.07,-1,51.5380288,-0.0026505
2026-05-14T10:27:25.115885,-0.04,-0.06,-0.99,51.5380288,-0.0026505
2026-05-14T10:27:25.173219,-0.04,-0.06,-1,51.5380288,-0.0026505
2026-05-14T10:27:25.235788,-0.04,-0.06,-0.99,51.5380288,-0.0026505
2026-05-14T10:27:25.296244,-0.04,-0.06,-1,51.5380288,-0.0026505
2026-05-14T10:27:25.356741,-0.04,-0.06,-0.99,51.5380288,-0.0026505
2026-05-14T10:27:25.440940,-0.04,-0.06,-1,51.5380288,-0.0026505
2026-05-14T10:27:25.504891,-0.04,-0.06,-0.99,51.5380288,-0.0026505
2026-05-14T10:27:25.562917,-0.04,-0.06,-1,51.5380288,-0.0026505
2026-05-14T10:27:25.625413,-0.04,-0.06,-1,51.5380288,-0.0026505
2026-05-14T10:27:25.684355,-0.04,-0.06,-1,51.5380288,-0.0026505
2026-05-14T10:27:25.775580,-0.04,-0.06,-1,51.5380288,-0.0026505
2026-05-14T10:27:25.831872,-0.04,-0.06,-1,51.5380288,-0.0026505
2026-05-14T10:27:25.892341,-0.04,-0.06,-1,51.5380288,-0.0026505
2026-05-14T10:27:25.954282,-0.04,-0.06,-1,51.5380288,-0.0026505
2026-05-14T10:27:26.014540,-0.04,-0.06,-0.99,51.5380288,-0.0026505
2026-05-14T10:27:26.103440,-0.04,-0.06,-1,51.5380288,-0.0026505
2026-05-14T10:27:26.165139,-0.04,-0.06,-1,51.5380288,-0.0026505
2026-05-14T10:27:26.225301,-0.04,-0.07,-1,51.5380288,-0.0026505
2026-05-14T10:27:26.287689,-0.04,-0.06,-1,51.5380288,-0.0026505
2026-05-14T10:27:26.344888,-0.04,-0.06,-1,51.5380288,-0.0026505
2026-05-14T10:27:26.435970,-0.04,-0.06,-1,51.5380288,-0.0026505
2026-05-14T10:27:26.492599,-0.04,-0.06,-1,51.5380288,-0.0026505
2026-05-14T10:27:26.555301,-0.04,-0.06,-1,51.5380288,-0.0026505
2026-05-14T10:27:26.612058,-0.04,-0.06,-1,51.5380288,-0.0026505
2026-05-14T10:27:26.675428,-0.04,-0.06,-1,51.5380288,-0.0026505
2026-05-14T10:27:26.766261,-0.04,-0.06,-1,51.5380288,-0.0026505
2026-05-14T10:27:26.824747,-0.04,-0.06,-0.99,51.5380288,-0.0026505
2026-05-14T10:27:26.885157,-0.04,-0.06,-1,51.5380288,-0.0026505
2026-05-14T10:27:26.943405,-0.04,-0.06,-1,51.5380288,-0.0026505
2026-05-14T10:27:27.006949,-0.04,-0.06,-1,51.5380288,-0.0026505
2026-05-14T10:27:27.095569,-0.04,-0.06,-1,51.5380288,-0.0026505
2026-05-14T10:27:27.153764,-0.04,-0.06,-1,51.5380288,-0.0026505
2026-05-14T10:27:27.214311,-0.04,-0.06,-1,51.5380288,-0.0026505
2026-05-14T10:27:27.274836,-0.04,-0.06,-1,51.5380288,-0.0026505
2026-05-14T10:27:27.332356,-0.04,-0.06,-1,51.5380288,-0.0026505
2026-05-14T10:27:27.425343,-0.04,-0.06,-1,51.5380288,-0.0026505
2026-05-14T10:27:27.484785,-0.04,-0.06,-1,51.5380288,-0.0026505
2026-05-14T10:27:27.544759,-0.04,-0.06,-1,51.5380288,-0.0026505
2026-05-14T10:27:27.604811,-0.04,-0.06,-1,51.5380288,-0.0026505
2026-05-14T10:27:27.665055,-0.04,-0.06,-1,51.5380288,-0.0026505
2026-05-14T10:27:27.756680,-0.04,-0.06,-1,51.5380288,-0.0026505
2026-05-14T10:27:27.812536,-0.04,-0.06,-1,51.5380288,-0.0026505
2026-05-14T10:27:27.874731,-0.04,-0.06,-1,51.5380288,-0.0026505
2026-05-14T10:27:27.934930,-0.04,-0.06,-1,51.5380288,-0.0026505
2026-05-14T10:27:27.994381,-0.04,-0.06,-1,51.5380288,-0.0026505
2026-05-14T10:27:28.085748,-0.04,-0.06,-1,51.5380288,-0.0026505
2026-05-14T10:27:28.145389,-0.04,-0.06,-0.99,51.5380288,-0.0026505
2026-05-14T10:27:28.210163,-0.04,-0.06,-1,51.5380288,-0.0026505
2026-05-14T10:27:28.263135,-0.04,-0.06,-1,51.5380288,-0.0026505
2026-05-14T10:27:28.325098,-0.04,-0.06,-1,51.5380288,-0.0026505
2026-05-14T10:27:28.414582,-0.04,-0.06,-1,51.5380288,-0.0026505
2026-05-14T10:27:28.472787,-0.04,-0.06,-1,51.5380288,-0.0026505
2026-05-14T10:27:28.534263,-0.04,-0.06,-1,51.5380288,-0.0026505
2026-05-14T10:27:28.592854,-0.04,-0.06,-1,51.5380288,-0.0026505
2026-05-14T10:27:28.651972,-0.04,-0.06,-1,51.5380288,-0.0026505
2026-05-14T10:27:28.742481,-0.04,-0.06,-1,51.5380288,-0.0026505
2026-05-14T10:27:28.806662,-0.04,-0.06,-1,51.5380288,-0.0026505
2026-05-14T10:27:28.861449,-0.04,-0.06,-1,51.5380288,-0.0026505
2026-05-14T10:27:28.920883,-0.04,-0.06,-1,51.5380288,-0.0026505
2026-05-14T10:27:28.982912,-0.04,-0.06,-1,51.5380288,-0.0026505
2026-05-14T10:27:29.073137,-0.04,-0.06,-1,51.5380288,-0.0026505
2026-05-14T10:27:29.133409,-0.04,-0.06,-1,51.5380288,-0.0026505
2026-05-14T10:27:29.196160,-0.04,-0.06,-1,51.5380288,-0.0026505
2026-05-14T10:27:29.256654,-0.04,-0.06,-1,51.5380288,-0.0026505
2026-05-14T10:27:29.344591,-0.04,-0.06,-1,51.5380288,-0.0026505
2026-05-14T10:27:29.434557,-0.04,-0.06,-1,51.5380288,-0.0026505
2026-05-14T10:27:29.468271,-0.04,-0.06,-1,51.5380288,-0.0026505
2026-05-14T10:27:29.525421,-0.04,-0.06,-1,51.5380288,-0.0026505
2026-05-14T10:27:29.584759,-0.04,-0.06,-1,51.5380288,-0.0026505
2026-05-14T10:27:29.645474,-0.04,-0.06,-0.99,51.5380288,-0.0026505
2026-05-14T10:27:29.735794,-0.04,-0.06,-1,51.5380288,-0.0026505
2026-05-14T10:27:29.796747,-0.04,-0.06,-1,51.5380288,-0.0026505
2026-05-14T10:27:29.852195,-0.04,-0.06,-1,51.5380288,-0.0026505
2026-05-14T10:27:29.915300,-0.04,-0.06,-1,51.5380288,-0.0026505
2026-05-14T10:27:29.975511,-0.04,-0.06,-1,51.5380288,-0.0026505
2026-05-14T10:27:30.063484,-0.04,-0.06,-1,51.5380288,-0.0026505
2026-05-14T10:27:30.122900,-0.04,-0.06,-1,51.5380288,-0.0026505
2026-05-14T10:27:30.184211,-0.04,-0.06,-1,51.5380288,-0.0026505
2026-05-14T10:27:30.243391,-0.04,-0.06,-1,51.5380288,-0.0026505
2026-05-14T10:27:30.300875,-0.04,-0.06,-0.99,51.5380288,-0.0026505
2026-05-14T10:27:30.423528,-0.04,-0.06,-1,51.5380288,-0.0026505
2026-05-14T10:27:30.454548,-0.04,-0.06,-0.99,51.5380288,-0.0026505
2026-05-14T10:27:30.512530,-0.04,-0.06,-1,51.5380288,-0.0026505
2026-05-14T10:27:30.573766,-0.04,-0.06,-0.99,51.5380288,-0.0026505
2026-05-14T10:27:30.633945,-0.04,-0.06,-1,51.5380288,-0.0026505
2026-05-14T10:27:30.723802,-0.04,-0.06,-0.99,51.5380288,-0.0026505
2026-05-14T10:27:30.781416,-0.04,-0.06,-1,51.5380288,-0.0026505
2026-05-14T10:27:30.871587,-0.04,-0.06,-0.99,51.5380288,-0.0026505
2026-05-14T10:27:30.903964,-0.04,-0.06,-1,51.5380288,-0.0026505
2026-05-14T10:27:30.964981,-0.04,-0.06,-0.99,51.5380288,-0.0026505
2026-05-14T10:27:31.054269,-0.04,-0.06,-1,51.5380288,-0.0026505
2026-05-14T10:27:31.113772,-0.04,-0.06,-0.99,51.5380288,-0.0026505
2026-05-14T10:27:31.174247,-0.04,-0.06,-1,51.5380288,-0.0026505
2026-05-14T10:27:31.237386,-0.04,-0.06,-0.99,51.5380288,-0.0026505
2026-05-14T10:27:31.327538,-0.04,-0.06,-1,51.5380288,-0.0026505
2026-05-14T10:27:31.413798,-0.04,-0.06,-0.99,51.5380288,-0.0026505
2026-05-14T10:27:31.442869,-0.04,-0.06,-1,51.5380288,-0.0026505
2026-05-14T10:27:31.505907,-0.04,-0.06,-0.99,51.5380288,-0.0026505
2026-05-14T10:27:31.595404,-0.04,-0.06,-1,51.5380288,-0.0026505
2026-05-14T10:27:31.627468,-0.04,-0.06,-0.99,51.5380288,-0.0026505
2026-05-14T10:27:31.712662,-0.04,-0.06,-1,51.5380288,-0.0026505
2026-05-14T10:27:31.771201,-0.04,-0.06,-0.99,51.5380288,-0.0026505
2026-05-14T10:27:31.830488,-0.04,-0.06,-1,51.5380288,-0.0026505
2026-05-14T10:27:31.894725,-0.04,-0.06,-0.99,51.5380288,-0.0026505
2026-05-14T10:27:31.955711,-0.04,-0.06,-1,51.5380288,-0.0026505
2026-05-14T10:27:32.044655,-0.04,-0.06,-0.99,51.5380288,-0.0026505
2026-05-14T10:27:32.135007,-0.04,-0.06,-1,51.5380288,-0.0026505
2026-05-14T10:27:32.161737,-0.04,-0.06,-0.99,51.5380288,-0.0026505
2026-05-14T10:27:32.224835,-0.04,-0.06,-1,51.5380288,-0.0026505
2026-05-14T10:27:32.284109,-0.04,-0.06,-0.99,51.5380288,-0.0026505
2026-05-14T10:27:32.375131,-0.04,-0.06,-1,51.5380288,-0.0026505
2026-05-14T10:27:32.432057,-0.04,-0.06,-0.99,51.5380288,-0.0026505
2026-05-14T10:27:32.495254,-0.04,-0.06,-1,51.5380288,-0.0026505
2026-05-14T10:27:32.557151,-0.04,-0.06,-0.99,51.5380288,-0.0026505
2026-05-14T10:27:32.611666,-0.04,-0.06,-1,51.5380288,-0.0026505
2026-05-14T10:27:32.706725,-0.04,-0.06,-0.99,51.5380288,-0.0026505
2026-05-14T10:27:32.763410,-0.04,-0.06,-1,51.5380288,-0.0026505
2026-05-14T10:27:32.823548,-0.04,-0.06,-0.99,51.5380288,-0.0026505
2026-05-14T10:27:32.885,-0.04,-0.06,-1,51.5380288,-0.0026505
2026-05-14T10:27:32.946621,-0.04,-0.06,-0.99,51.5380288,-0.0026505
2026-05-14T10:27:33.036513,-0.04,-0.06,-1,51.5380288,-0.0026505
2026-05-14T10:27:33.095201,-0.04,-0.06,-0.99,51.5380288,-0.0026505
2026-05-14T10:27:33.154445,-0.04,-0.06,-1,51.5380288,-0.0026505
2026-05-14T10:27:33.215496,-0.04,-0.06,-0.99,51.5380288,-0.0026505
2026-05-14T10:27:33.273302,-0.04,-0.06,-1,51.5380288,-0.0026505
2026-05-14T10:27:33.364980,-0.04,-0.06,-0.99,51.5380288,-0.0026505
2026-05-14T10:27:33.422949,-0.04,-0.06,-1,51.5380288,-0.0026505
2026-05-14T10:27:33.485931,-0.04,-0.06,-1,51.5380288,-0.0026505
2026-05-14T10:27:33.544067,-0.04,-0.06,-0.99,51.5380288,-0.0026505
2026-05-14T10:27:33.610627,-0.04,-0.06,-0.99,51.5380288,-0.0026505
2026-05-14T10:27:33.697038,-0.04,-0.07,-1,51.5380288,-0.0026505
2026-05-14T10:27:33.751355,-0.04,-0.06,-1,51.5380288,-0.0026505
2026-05-14T10:27:33.815262,-0.04,-0.06,-1,51.5380288,-0.0026505
2026-05-14T10:27:33.874092,-0.04,-0.06,-1,51.5380288,-0.0026505
2026-05-14T10:27:33.934365,-0.04,-0.06,-1,51.5380288,-0.0026505
2026-05-14T10:27:34.025309,-0.04,-0.06,-1,51.5380288,-0.0026505
2026-05-14T10:27:34.082734,-0.04,-0.06,-1,51.5380288,-0.0026505
2026-05-14T10:27:34.145545,-0.04,-0.06,-1,51.5380288,-0.0026505
2026-05-14T10:27:34.203033,-0.04,-0.06,-1,51.5380288,-0.0026505
2026-05-14T10:27:34.266941,-0.04,-0.06,-1,51.5380288,-0.0026505
2026-05-14T10:27:34.353663,-0.04,-0.06,-1,51.5380288,-0.0026505
2026-05-14T10:27:34.412236,-0.04,-0.06,-1,51.5380288,-0.0026505
2026-05-14T10:27:34.476709,-0.04,-0.06,-1,51.5380288,-0.0026505
2026-05-14T10:27:34.537082,-0.04,-0.06,-1,51.5380288,-0.0026505
2026-05-14T10:27:34.592191,-0.04,-0.06,-1,51.5380288,-0.0026505
2026-05-14T10:27:34.684688,-0.04,-0.06,-0.99,51.5380288,-0.0026505
2026-05-14T10:27:34.745177,-0.04,-0.06,-1,51.5380288,-0.0026505
2026-05-14T10:27:34.803961,-0.04,-0.06,-0.99,51.5380288,-0.0026505
2026-05-14T10:27:34.865116,-0.04,-0.06,-0.99,51.5380288,-0.0026505
2026-05-14T10:27:34.951878,-0.04,-0.06,-1,51.5380288,-0.0026505
2026-05-14T10:27:35.014573,-0.04,-0.06,-1,51.5380288,-0.0026505
2026-05-14T10:27:35.072801,-0.04,-0.06,-1,51.5380288,-0.0026505
2026-05-14T10:27:35.135448,-0.04,-0.06,-1,51.5380288,-0.0026505
2026-05-14T10:27:35.194824,-0.04,-0.06,-1,51.5380288,-0.0026505
2026-05-14T10:27:35.285172,-0.04,-0.06,-0.99,51.5380288,-0.0026505
2026-05-14T10:27:35.343229,-0.04,-0.06,-1,51.5380288,-0.0026505
2026-05-14T10:27:35.406989,-0.04,-0.06,-0.99,51.5380288,-0.0026505
2026-05-14T10:27:35.464151,-0.04,-0.06,-1,51.5380288,-0.0026505
2026-05-14T10:27:35.525533,-0.04,-0.06,-1,51.5380288,-0.0026505
2026-05-14T10:27:35.584492,-0.04,-0.06,-1,51.5380288,-0.0026505
2026-05-14T10:27:35.673025,-0.04,-0.06,-1,51.5380288,-0.0026505
2026-05-14T10:27:35.734740,-0.04,-0.06,-1,51.5380288,-0.0026505
2026-05-14T10:27:35.796814,-0.04,-0.06,-1,51.5380532,-0.0026678
2026-05-14T10:27:35.851074,-0.04,-0.06,-1,51.5380532,-0.0026678
2026-05-14T10:27:35.914780,-0.04,-0.06,-0.99,51.5380532,-0.0026678
2026-05-14T10:27:36.009135,-0.04,-0.06,-0.99,51.5380532,-0.0026678
2026-05-14T10:27:36.062141,-0.04,-0.06,-1,51.5380532,-0.0026678
2026-05-14T10:27:36.123662,-0.04,-0.06,-1,51.5380532,-0.0026678
2026-05-14T10:27:36.186492,-0.04,-0.06,-1,51.5380532,-0.0026678
2026-05-14T10:27:36.246280,-0.04,-0.06,-1,51.5380532,-0.0026678
2026-05-14T10:27:36.335105,-0.04,-0.06,-1,51.5380532,-0.0026678
2026-05-14T10:27:36.394081,-0.04,-0.06,-1,51.5380532,-0.0026678
2026-05-14T10:27:36.455043,-0.04,-0.06,-0.99,51.5380532,-0.0026678
2026-05-14T10:27:36.513394,-0.04,-0.06,-1,51.5380532,-0.0026678
2026-05-14T10:27:36.576261,-0.04,-0.06,-1,51.5380532,-0.0026678
2026-05-14T10:27:36.668054,-0.04,-0.06,-1,51.5380532,-0.0026678
2026-05-14T10:27:36.722630,-0.04,-0.06,-1,51.5380532,-0.0026678
2026-05-14T10:27:36.785543,-0.04,-0.06,-1,51.5380532,-0.0026678
2026-05-14T10:27:36.841352,-0.04,-0.06,-1,51.5380532,-0.0026678
2026-05-14T10:27:36.906430,-0.04,-0.06,-1,51.5380532,-0.0026678
2026-05-14T10:27:36.995066,-0.04,-0.06,-1,51.5380532,-0.0026678
2026-05-14T10:27:37.053375,-0.04,-0.06,-0.99,51.5380532,-0.0026678
2026-05-14T10:27:37.112961,-0.04,-0.06,-0.99,51.5380532,-0.0026678
2026-05-14T10:27:37.175243,-0.04,-0.06,-1,51.5380532,-0.0026678
2026-05-14T10:27:37.264453,-0.04,-0.06,-1,51.5380532,-0.0026678
2026-05-14T10:27:37.324275,-0.04,-0.06,-1,51.5380532,-0.0026678
2026-05-14T10:27:37.387632,-0.04,-0.06,-0.99,51.5380532,-0.0026678
2026-05-14T10:27:37.445880,-0.04,-0.06,-0.99,51.5380532,-0.0026678
2026-05-14T10:27:37.504736,-0.04,-0.06,-1,51.5380532,-0.0026678
2026-05-14T10:27:37.564095,-0.04,-0.06,-1,51.5380532,-0.0026678
2026-05-14T10:27:37.656479,-0.04,-0.06,-0.99,51.5380532,-0.0026678
2026-05-14T10:27:37.721192,-0.04,-0.06,-0.99,51.5380532,-0.0026678
2026-05-14T10:27:37.774638,-0.04,-0.06,-0.99,51.5380532,-0.0026678
2026-05-14T10:27:37.832461,-0.04,-0.06,-1,51.5380532,-0.0026678
2026-05-14T10:27:37.893557,-0.04,-0.06,-0.99,51.5380532,-0.0026678
2026-05-14T10:27:37.984706,-0.04,-0.06,-1,51.5380532,-0.0026678
2026-05-14T10:27:38.042994,-0.04,-0.06,-0.99,51.5380532,-0.0026678
2026-05-14T10:27:38.104848,-0.04,-0.06,-1,51.5380532,-0.0026678
2026-05-14T10:27:38.162455,-0.04,-0.06,-0.99,51.5380532,-0.0026678
2026-05-14T10:27:38.222646,-0.04,-0.06,-0.99,51.5380532,-0.0026678
2026-05-14T10:27:38.314973,-0.04,-0.06,-0.99,51.5380532,-0.0026678
2026-05-14T10:27:38.375658,-0.04,-0.06,-1,51.5380532,-0.0026678
2026-05-14T10:27:38.434952,-0.04,-0.06,-0.99,51.5380532,-0.0026678
2026-05-14T10:27:38.496690,-0.04,-0.06,-0.99,51.5380532,-0.0026678
2026-05-14T10:27:38.555362,-0.04,-0.06,-0.99,51.5380532,-0.0026678
2026-05-14T10:27:38.648029,-0.04,-0.06,-1,51.5380532,-0.0026678
2026-05-14T10:27:38.701902,-0.04,-0.06,-0.99,51.5380532,-0.0026678
2026-05-14T10:27:38.764170,-0.04,-0.06,-1,51.5380532,-0.0026678
2026-05-14T10:27:38.825308,-0.04,-0.06,-0.99,51.5380532,-0.0026678
2026-05-14T10:27:38.884731,-0.04,-0.06,-0.99,51.5380532,-0.0026678
2026-05-14T10:27:38.975537,-0.04,-0.06,-0.99,51.5380532,-0.0026678
2026-05-14T10:27:39.033217,-0.04,-0.06,-1,51.5380532,-0.0026678
2026-05-14T10:27:39.093627,-0.04,-0.06,-0.99,51.5380532,-0.0026678
2026-05-14T10:27:39.156338,-0.04,-0.06,-1,51.5380532,-0.0026678
2026-05-14T10:27:39.215686,-0.04,-0.06,-0.99,51.5380532,-0.0026678
2026-05-14T10:27:39.306409,-0.04,-0.06,-1,51.5380532,-0.0026678
2026-05-14T10:27:39.365033,-0.04,-0.06,-0.99,51.5380532,-0.0026678
2026-05-14T10:27:39.423830,-0.04,-0.06,-1,51.5380532,-0.0026678
2026-05-14T10:27:39.483954,-0.04,-0.06,-0.99,51.5380532,-0.0026678
2026-05-14T10:27:39.547087,-0.04,-0.06,-1,51.5380532,-0.0026678
2026-05-14T10:27:39.634415,-0.04,-0.06,-0.99,51.5380532,-0.0026678
2026-05-14T10:27:39.695500,-0.04,-0.06,-1,51.5380532,-0.0026678
2026-05-14T10:27:39.754698,-0.04,-0.06,-0.99,51.5380532,-0.0026678
2026-05-14T10:27:39.816541,-0.04,-0.06,-1,51.5380532,-0.0026678
2026-05-14T10:27:39.873556,-0.04,-0.06,-0.99,51.5380532,-0.0026678
2026-05-14T10:27:39.966286,-0.04,-0.06,-1,51.5380532,-0.0026678
2026-05-14T10:27:40.022508,-0.04,-0.06,-0.99,51.5380532,-0.0026678
2026-05-14T10:27:40.082279,-0.04,-0.06,-1,51.5380532,-0.0026678
2026-05-14T10:27:40.142524,-0.04,-0.06,-0.99,51.5380532,-0.0026678
2026-05-14T10:27:40.205203,-0.04,-0.06,-1,51.5380532,-0.0026678
2026-05-14T10:27:40.295480,-0.04,-0.06,-0.99,51.5380532,-0.0026678
2026-05-14T10:27:40.355213,-0.04,-0.06,-1,51.5380532,-0.0026678
2026-05-14T10:27:40.411251,-0.04,-0.06,-0.99,51.5380532,-0.0026678
2026-05-14T10:27:40.472021,-0.04,-0.06,-1,51.5380532,-0.0026678
2026-05-14T10:27:40.534905,-0.04,-0.06,-0.99,51.5380532,-0.0026678
2026-05-14T10:27:40.622729,-0.04,-0.06,-1,51.5380532,-0.0026678
2026-05-14T10:27:40.685722,-0.04,-0.06,-0.99,51.5380532,-0.0026678
2026-05-14T10:27:40.745358,-0.04,-0.06,-1,51.5380532,-0.0026678
2026-05-14T10:27:40.802732,-0.04,-0.06,-0.99,51.5380532,-0.0026678
2026-05-14T10:27:40.866181,-0.04,-0.06,-1,51.5380532,-0.0026678
2026-05-14T10:27:40.954626,-0.04,-0.06,-0.99,51.5380532,-0.0026678
2026-05-14T10:27:41.015258,-0.04,-0.06,-1,51.5380532,-0.0026678
2026-05-14T10:27:41.071392,-0.04,-0.06,-0.99,51.5380532,-0.0026678
2026-05-14T10:27:41.134827,-0.04,-0.06,-1,51.5380532,-0.0026678
2026-05-14T10:27:41.194544,-0.04,-0.06,-0.99,51.5380532,-0.0026678
2026-05-14T10:27:41.287315,-0.04,-0.06,-1,51.5380532,-0.0026678
2026-05-14T10:27:41.342220,-0.04,-0.06,-1,51.5380532,-0.0026678
2026-05-14T10:27:41.404577,-0.04,-0.06,-1,51.5380532,-0.0026678
2026-05-14T10:27:41.466422,-0.04,-0.06,-1,51.5380532,-0.0026678
2026-05-14T10:27:41.525906,-0.04,-0.06,-1,51.5380532,-0.0026678
2026-05-14T10:27:41.614327,-0.04,-0.06,-1,51.5380532,-0.0026678
2026-05-14T10:27:41.674502,-0.04,-0.06,-1,51.5380532,-0.0026678
2026-05-14T10:27:41.734901,-0.04,-0.06,-1,51.5380532,-0.0026678
2026-05-14T10:27:41.795751,-0.04,-0.06,-1,51.5380532,-0.0026678
2026-05-14T10:27:41.850999,-0.04,-0.06,-1,51.5380532,-0.0026678
2026-05-14T10:27:41.946392,-0.04,-0.06,-1,51.5380532,-0.0026678
2026-05-14T10:27:42.002260,-0.04,-0.06,-1,51.5380532,-0.0026678
2026-05-14T10:27:42.066467,-0.04,-0.06,-1,51.5380532,-0.0026678
2026-05-14T10:27:42.125758,-0.04,-0.06,-1,51.5380532,-0.0026678
2026-05-14T10:27:42.186435,-0.04,-0.06,-1,51.5380532,-0.0026678
2026-05-14T10:27:42.275128,-0.04,-0.06,-1,51.5380532,-0.0026678
2026-05-14T10:27:42.334410,-0.04,-0.06,-1,51.5380532,-0.0026678
2026-05-14T10:27:42.394549,-0.04,-0.06,-1,51.5380532,-0.0026678
2026-05-14T10:27:42.455603,-0.04,-0.06,-1,51.5380532,-0.0026678
2026-05-14T10:27:42.515578,-0.04,-0.06,-0.99,51.5380532,-0.0026678
2026-05-14T10:27:42.636188,-0.04,-0.06,-1,51.5380532,-0.0026678
2026-05-14T10:27:42.661705,-0.04,-0.06,-1,51.5380532,-0.0026678
2026-05-14T10:27:42.724232,-0.04,-0.06,-1,51.5380532,-0.0026678
2026-05-14T10:27:42.782246,-0.04,-0.06,-1,51.5380532,-0.0026678
2026-05-14T10:27:42.841049,-0.04,-0.06,-1,51.5380532,-0.0026678
2026-05-14T10:27:42.934767,-0.04,-0.06,-1,51.5380532,-0.0026678
2026-05-14T10:27:43.051558,-0.04,-0.06,-1,51.5380532,-0.0026678
2026-05-14T10:27:43.052345,-0.04,-0.06,-1,51.5380532,-0.0026678
2026-05-14T10:27:43.144947,-0.04,-0.06,-1,51.5380532,-0.0026678
2026-05-14T10:27:43.171550,-0.04,-0.06,-1,51.5380532,-0.0026678
2026-05-14T10:27:43.270387,-0.04,-0.06,-1,51.5380532,-0.0026678
2026-05-14T10:27:43.321435,-0.04,-0.06,-1,51.5380532,-0.0026678
2026-05-14T10:27:43.381168,-0.04,-0.06,-1,51.5380532,-0.0026678
2026-05-14T10:27:43.442342,-0.04,-0.06,-1,51.5380532,-0.0026678
2026-05-14T10:27:43.501071,-0.04,-0.06,-1,51.5380532,-0.0026678
2026-05-14T10:27:43.592071,-0.04,-0.06,-1,51.5380532,-0.0026678
2026-05-14T10:27:43.653510,-0.04,-0.06,-1,51.5380532,-0.0026678
2026-05-14T10:27:43.711651,-0.04,-0.06,-1,51.5380532,-0.0026678
2026-05-14T10:27:43.773099,-0.04,-0.06,-1,51.5380532,-0.0026678
2026-05-14T10:27:43.832732,-0.04,-0.06,-1,51.5380532,-0.0026678
2026-05-14T10:27:43.922910,-0.04,-0.06,-1,51.5380532,-0.0026678
2026-05-14T10:27:43.984792,-0.04,-0.06,-1,51.5380532,-0.0026678
2026-05-14T10:27:44.044656,-0.04,-0.06,-1,51.5380532,-0.0026678
2026-05-14T10:27:44.105633,-0.04,-0.06,-1,51.5380532,-0.0026678
2026-05-14T10:27:44.162493,-0.04,-0.06,-1,51.5380532,-0.0026678
2026-05-14T10:27:44.258223,-0.04,-0.06,-1,51.5380532,-0.0026678
2026-05-14T10:27:44.314734,-0.04,-0.06,-1,51.5380532,-0.0026678
2026-05-14T10:27:44.375859,-0.04,-0.06,-1,51.5380532,-0.0026678
2026-05-14T10:27:44.434307,-0.04,-0.06,-1,51.5380532,-0.0026678
2026-05-14T10:27:44.496268,-0.04,-0.06,-1,51.5380532,-0.0026678
2026-05-14T10:27:44.586318,-0.04,-0.06,-1,51.5380532,-0.0026678
2026-05-14T10:27:44.642222,-0.04,-0.06,-1,51.5380532,-0.0026678
2026-05-14T10:27:44.708794,-0.04,-0.06,-1,51.5380532,-0.0026678
2026-05-14T10:27:44.763284,-0.04,-0.06,-1,51.5380532,-0.0026678
2026-05-14T10:27:44.825227,-0.04,-0.06,-1,51.5380532,-0.0026678
2026-05-14T10:27:44.915769,-0.04,-0.06,-1,51.5380532,-0.0026678
2026-05-14T10:27:44.975230,-0.04,-0.06,-1,51.5380532,-0.0026678
2026-05-14T10:27:45.034877,-0.04,-0.06,-1,51.5380532,-0.0026678
2026-05-14T10:27:45.093249,-0.04,-0.06,-1,51.5380532,-0.0026678
2026-05-14T10:27:45.156278,-0.04,-0.06,-1,51.5380532,-0.0026678
2026-05-14T10:27:45.244783,-0.04,-0.06,-1,51.5380532,-0.0026678
2026-05-14T10:27:45.305152,-0.04,-0.06,-1,51.5380532,-0.0026678
2026-05-14T10:27:45.362499,-0.04,-0.06,-1,51.5380532,-0.0026678
2026-05-14T10:27:45.422711,-0.04,-0.06,-1,51.5380532,-0.0026678
2026-05-14T10:27:45.485233,-0.04,-0.06,-0.99,51.5380532,-0.0026678
2026-05-14T10:27:45.575740,-0.04,-0.06,-1,51.5380532,-0.0026678
2026-05-14T10:27:45.632811,-0.04,-0.06,-1,51.5380532,-0.0026678
2026-05-14T10:27:45.699599,-0.04,-0.06,-1,51.5380532,-0.0026678
2026-05-14T10:27:45.753781,-0.04,-0.06,-0.99,51.5380532,-0.0026678
2026-05-14T10:27:45.813663,-0.04,-0.06,-1,51.5380532,-0.0026678
2026-05-14T10:27:45.903591,-0.04,-0.06,-0.99,51.5380532,-0.0026678
2026-05-14T10:27:45.963455,-0.04,-0.06,-0.99,51.5380532,-0.0026678
2026-05-14T10:27:46.024755,-0.04,-0.06,-0.99,51.5380532,-0.0026678
2026-05-14T10:27:46.083572,-0.04,-0.06,-1,51.5380532,-0.0026678
2026-05-14T10:27:46.146028,-0.04,-0.06,-0.99,51.5380532,-0.0026678
2026-05-14T10:27:46.234740,-0.04,-0.06,-1,51.5380532,-0.0026678
2026-05-14T10:27:46.292850,-0.04,-0.06,-0.99,51.5380532,-0.0026678
2026-05-14T10:27:46.354492,-0.04,-0.06,-1,51.5380532,-0.0026678
2026-05-14T10:27:46.447945,-0.04,-0.06,-0.99,51.5380532,-0.0026678
2026-05-14T10:27:46.474407,-0.04,-0.06,-1,51.5380532,-0.0026678
2026-05-14T10:27:46.565040,-0.04,-0.06,-0.99,51.5380532,-0.0026678
2026-05-14T10:27:46.623645,-0.04,-0.06,-1,51.5380532,-0.0026678
2026-05-14T10:27:46.685349,-0.04,-0.06,-0.99,51.5380532,-0.0026678
2026-05-14T10:27:46.745325,-0.04,-0.06,-1,51.5380532,-0.0026678
2026-05-14T10:27:46.805425,-0.04,-0.06,-0.99,51.5380532,-0.0026678
2026-05-14T10:27:46.896162,-0.04,-0.06,-0.99,51.5380532,-0.0026678
2026-05-14T10:27:46.953204,-0.04,-0.06,-0.99,51.5380532,-0.0026678
2026-05-14T10:27:47.015211,-0.04,-0.06,-1,51.5380532,-0.0026678
2026-05-14T10:27:47.074493,-0.04,-0.06,-0.99,51.5380532,-0.0026678
2026-05-14T10:27:47.164929,-0.04,-0.06,-0.99,51.5380532,-0.0026678
2026-05-14T10:27:47.221844,-0.04,-0.06,-0.99,51.5380532,-0.0026678
2026-05-14T10:27:47.285791,-0.04,-0.06,-0.99,51.5380532,-0.0026678
2026-05-14T10:27:47.344113,-0.04,-0.06,-0.99,51.5380532,-0.0026678
2026-05-14T10:27:47.405064,-0.04,-0.06,-0.99,51.5380532,-0.0026678
2026-05-14T10:27:47.462505,-0.04,-0.06,-0.99,51.5380532,-0.0026678
2026-05-14T10:27:47.555003,-0.04,-0.06,-0.99,51.5380532,-0.0026678
2026-05-14T10:27:47.614772,-0.04,-0.06,-0.99,51.5380532,-0.0026678
2026-05-14T10:27:47.673320,-0.04,-0.06,-1,51.5380532,-0.0026678
2026-05-14T10:27:47.764689,-0.04,-0.06,-0.99,51.5380532,-0.0026678
2026-05-14T10:27:47.792860,-0.04,-0.06,-1,51.5380532,-0.0026678
2026-05-14T10:27:47.885558,-0.04,-0.06,-0.99,51.5380532,-0.0026678
2026-05-14T10:27:47.944236,-0.04,-0.06,-1,51.5380532,-0.0026678
2026-05-14T10:27:48.032135,-0.04,-0.06,-0.99,51.5380532,-0.0026678
2026-05-14T10:27:48.061562,-0.04,-0.06,-0.99,51.5380465,-0.0026566
2026-05-14T10:27:48.126231,-0.04,-0.06,-0.99,51.5380465,-0.0026566
2026-05-14T10:27:48.215994,-0.04,-0.06,-1,51.5380465,-0.0026566
2026-05-14T10:27:48.275528,-0.04,-0.06,-0.99,51.5380465,-0.0026566
2026-05-14T10:27:48.331504,-0.04,-0.06,-1,51.5380465,-0.0026566
2026-05-14T10:27:48.394392,-0.04,-0.06,-0.99,51.5380465,-0.0026566
2026-05-14T10:27:48.455035,-0.04,-0.07,-1,51.5380465,-0.0026566
2026-05-14T10:27:48.543330,-0.04,-0.06,-0.99,51.5380465,-0.0026566
2026-05-14T10:27:48.603015,-0.04,-0.06,-1,51.5380465,-0.0026566
2026-05-14T10:27:48.664869,-0.04,-0.06,-0.99,51.5380465,-0.0026566
2026-05-14T10:27:48.757457,-0.04,-0.06,-1,51.5380465,-0.0026566
2026-05-14T10:27:48.781544,-0.04,-0.06,-0.99,51.5380465,-0.0026566
2026-05-14T10:27:48.875137,-0.04,-0.06,-0.99,51.5380465,-0.0026566
2026-05-14T10:27:48.934506,-0.04,-0.06,-1,51.5380465,-0.0026566
2026-05-14T10:27:48.995358,-0.04,-0.06,-1,51.5380465,-0.0026566
2026-05-14T10:27:49.053183,-0.04,-0.06,-0.99,51.5380465,-0.0026566
2026-05-14T10:27:49.116142,-0.04,-0.06,-0.99,51.5380465,-0.0026566
2026-05-14T10:27:49.202310,-0.04,-0.06,-1,51.5380465,-0.0026566
2026-05-14T10:27:49.265824,-0.04,-0.06,-0.99,51.5380465,-0.0026566
2026-05-14T10:27:49.323383,-0.04,-0.06,-0.99,51.5380465,-0.0026566
2026-05-14T10:27:49.385335,-0.04,-0.06,-1,51.5380465,-0.0026566
2026-05-14T10:27:49.445029,-0.04,-0.06,-1,51.5380465,-0.0026566
2026-05-14T10:27:49.535635,-0.04,-0.06,-0.99,51.5380465,-0.0026566
2026-05-14T10:27:49.592805,-0.04,-0.06,-1,51.5380465,-0.0026566
2026-05-14T10:27:49.654456,-0.04,-0.06,-1,51.5380465,-0.0026566
2026-05-14T10:27:49.714567,-0.04,-0.06,-1,51.5380465,-0.0026566
2026-05-14T10:27:49.774510,-0.04,-0.06,-0.99,51.5380465,-0.0026566
2026-05-14T10:27:49.864634,-0.04,-0.06,-0.99,51.5380465,-0.0026566
2026-05-14T10:27:49.922369,-0.04,-0.06,-1,51.5380465,-0.0026566
2026-05-14T10:27:49.985648,-0.04,-0.06,-1,51.5380465,-0.0026566
2026-05-14T10:27:50.042465,-0.04,-0.06,-0.99,51.5380465,-0.0026566
2026-05-14T10:27:50.103861,-0.04,-0.06,-1,51.5380465,-0.0026566
2026-05-14T10:27:50.196097,-0.04,-0.06,-1,51.5380465,-0.0026566
2026-05-14T10:27:50.255414,-0.04,-0.06,-1,51.5380465,-0.0026566
2026-05-14T10:27:50.316456,-0.04,-0.06,-1,51.5380465,-0.0026566
2026-05-14T10:27:50.375487,-0.04,-0.06,-0.99,51.5380465,-0.0026566
2026-05-14T10:27:50.432537,-0.04,-0.06,-0.99,51.5380465,-0.0026566
2026-05-14T10:27:50.521845,-0.04,-0.06,-1,51.5380465,-0.0026566
2026-05-14T10:27:50.582142,-0.04,-0.06,-1,51.5380465,-0.0026566
2026-05-14T10:27:50.641412,-0.04,-0.06,-1,51.5380465,-0.0026566
2026-05-14T10:27:50.701178,-0.04,-0.06,-0.99,51.5380465,-0.0026566
2026-05-14T10:27:50.766270,-0.04,-0.06,-0.99,51.5380465,-0.0026566
2026-05-14T10:27:50.884197,-0.04,-0.06,-1,51.5380465,-0.0026566
2026-05-14T10:27:50.911343,-0.04,-0.06,-1,51.5380465,-0.0026566
2026-05-14T10:27:50.971994,-0.04,-0.06,-0.99,51.5380465,-0.0026566
2026-05-14T10:27:51.034033,-0.04,-0.06,-1,51.5380465,-0.0026566
2026-05-14T10:27:51.093122,-0.04,-0.06,-0.99,51.5380465,-0.0026566
2026-05-14T10:27:51.187779,-0.04,-0.06,-1,51.5380465,-0.0026566
2026-05-14T10:27:51.242631,-0.04,-0.06,-1,51.5380465,-0.0026566
2026-05-14T10:27:51.304104,-0.04,-0.06,-1,51.5380465,-0.0026566
2026-05-14T10:27:51.365029,-0.04,-0.06,-0.99,51.5380465,-0.0026566
2026-05-14T10:27:51.422681,-0.04,-0.06,-1,51.5380465,-0.0026566
2026-05-14T10:27:51.481216,-0.04,-0.06,-1,51.5380465,-0.0026566
2026-05-14T10:27:51.574855,-0.04,-0.06,-1,51.5380465,-0.0026566
2026-05-14T10:27:51.633632,-0.04,-0.06,-0.99,51.5380465,-0.0026566
2026-05-14T10:27:51.693874,-0.04,-0.06,-1,51.5380465,-0.0026566
2026-05-14T10:27:51.752032,-0.04,-0.06,-0.99,51.5380465,-0.0026566
2026-05-14T10:27:51.812178,-0.04,-0.06,-1,51.5380465,-0.0026566
2026-05-14T10:27:51.902322,-0.04,-0.06,-0.99,51.5380465,-0.0026566
2026-05-14T10:27:51.962083,-0.04,-0.06,-0.99,51.5380465,-0.0026566
2026-05-14T10:27:52.021419,-0.04,-0.06,-1,51.5380465,-0.0026566
2026-05-14T10:27:52.081401,0.11,-0.08,-1.06,51.5380465,-0.0026566
2026-05-14T10:27:52.143013,-0.04,-0.09,-1.01,51.5380465,-0.0026566
2026-05-14T10:27:52.231165,-0.01,-0.01,-0.98,51.5380465,-0.0026566
2026-05-14T10:27:52.322396,-0.1,0.03,-1,51.5380465,-0.0026566
2026-05-14T10:27:52.352094,-0.14,0.06,-0.82,51.5380465,-0.0026566
2026-05-14T10:27:52.411454,-0.22,-0.09,-1.18,51.5380465,-0.0026566
2026-05-14T10:27:52.501949,-0.35,-0.38,-1.55,51.5380465,-0.0026566
2026-05-14T10:27:52.561494,-0.23,-0.24,-1.8,51.5380465,-0.0026566
2026-05-14T10:27:52.621398,-0.11,0.01,-0.8,51.5380465,-0.0026566
2026-05-14T10:27:52.682360,0.34,0,-0.09,51.5380465,-0.0026566
2026-05-14T10:27:52.742302,0.18,0.07,0.49,51.5380465,-0.0026566
2026-05-14T10:27:52.832343,0.2,-0.11,0,51.5380465,-0.0026566
2026-05-14T10:27:52.895892,0.37,0.13,-1.45,51.5380465,-0.0026566
2026-05-14T10:27:52.952253,0.15,-0.04,-1.75,51.5380465,-0.0026566
2026-05-14T10:27:53.011760,-0.03,-0.11,-2.12,51.5380465,-0.0026566
2026-05-14T10:27:53.073652,-0.05,-0.04,-1.84,51.5380465,-0.0026566
2026-05-14T10:27:53.164444,0.13,0.14,-0.91,51.5380465,-0.0026566
2026-05-14T10:27:53.220694,0.39,0.1,0.08,51.5380465,-0.0026566
2026-05-14T10:27:53.281635,0.28,-0.09,0.72,51.5380465,-0.0026566
2026-05-14T10:27:53.341493,0.27,-0.03,0.27,51.5380465,-0.0026566
2026-05-14T10:27:53.401781,0.25,0.2,-1.19,51.5380465,-0.0026566
2026-05-14T10:27:53.464877,-0.39,-0.2,-2.17,51.5380465,-0.0026566
2026-05-14T10:27:53.584729,0.11,-0.27,-2.08,51.5380465,-0.0026566
2026-05-14T10:27:53.614029,0.09,-0.19,-2.03,51.5380465,-0.0026566
2026-05-14T10:27:53.704323,-0.17,0.12,-1.2,51.5380465,-0.0026566
2026-05-14T10:27:53.730689,0.15,0.21,-0.38,51.5380465,-0.0026566
2026-05-14T10:27:53.793506,0.42,0.02,0.5,51.5380465,-0.0026566
2026-05-14T10:27:53.881647,0.35,-0.03,1.01,51.5380465,-0.0026566
2026-05-14T10:27:53.942498,0.26,0.19,-0.12,51.5380465,-0.0026566
2026-05-14T10:27:54.004174,0.26,0.15,-2.76,51.5380465,-0.0026566
2026-05-14T10:27:54.065523,0.2,-0.51,-2.89,51.5380465,-0.0026566
2026-05-14T10:27:54.123745,-0.22,-0.19,-1.86,51.5380465,-0.0026566
2026-05-14T10:27:54.216512,-0.24,-0.02,-1.5,51.5380465,-0.0026566
2026-05-14T10:27:54.305580,0.19,0.19,-0.4,51.5380465,-0.0026566
2026-05-14T10:27:54.334581,0.28,0.13,0.18,51.5380465,-0.0026566
2026-05-14T10:27:54.395403,0.52,-0.1,0.71,51.5380465,-0.0026566
2026-05-14T10:27:54.456392,0.32,0.01,0.37,51.5380465,-0.0026566
2026-05-14T10:27:54.543215,-0.29,0.22,-1.52,51.5380465,-0.0026566
2026-05-14T10:27:54.603399,-0.41,-0.52,-3.17,51.5380465,-0.0026566
2026-05-14T10:27:54.665484,0.57,-0.19,-2.15,51.5380465,-0.0026566
2026-05-14T10:27:54.726774,-0.19,-0.11,-1.85,51.5380465,-0.0026566
2026-05-14T10:27:54.783194,0.01,0.18,-0.81,51.5380465,-0.0026566
2026-05-14T10:27:54.872323,0.19,0.26,-0.14,51.5380465,-0.0026566
2026-05-14T10:27:54.933310,0.61,-0.04,0.65,51.5380465,-0.0026566
2026-05-14T10:27:54.995252,0.33,-0.27,0.97,51.5380465,-0.0026566
2026-05-14T10:27:55.055753,0.13,0.21,-0.57,51.5380465,-0.0026566
2026-05-14T10:27:55.114517,-0.22,0.14,-2.95,51.5380465,-0.0026566
2026-05-14T10:27:55.207682,0.03,-1.03,-2.66,51.5380465,-0.0026566
2026-05-14T10:27:55.262069,-0.22,-0.65,-1.88,51.5380465,-0.0026566
2026-05-14T10:27:55.324537,-0.47,-0.41,-1.37,51.5380465,-0.0026566
2026-05-14T10:27:55.385626,0.07,0.05,-0.82,51.5380465,-0.0026566
2026-05-14T10:27:55.444315,0.18,0.03,0.17,51.5380465,-0.0026566
2026-05-14T10:27:55.534701,0.47,-0.12,0.33,51.5380465,-0.0026566
2026-05-14T10:27:55.595697,0.61,-0.01,0.88,51.5380465,-0.0026566
2026-05-14T10:27:55.655632,0.18,0.2,0.11,51.5380465,-0.0026566
2026-05-14T10:27:55.713728,-0.39,0.37,-2.34,51.5380465,-0.0026566
2026-05-14T10:27:55.776584,-0.9,-0.32,-2.87,51.5380465,-0.0026566
2026-05-14T10:27:55.861506,0.2,-0.16,-1.98,51.5380465,-0.0026566
2026-05-14T10:27:55.923747,-0.42,-0.17,-1.32,51.5380465,-0.0026566
2026-05-14T10:27:55.986271,0.11,0.13,-0.84,51.5380465,-0.0026566
2026-05-14T10:27:56.044604,0.37,0.29,-0.18,51.5380465,-0.0026566
2026-05-14T10:27:56.104120,0.76,0.05,0.48,51.5380465,-0.0026566
2026-05-14T10:27:56.194868,0.72,-0.02,1.01,51.5380465,-0.0026566
2026-05-14T10:27:56.256256,0.06,0.32,-0.24,51.5380465,-0.0026566
2026-05-14T10:27:56.315148,-0.5,0.48,-2.08,51.5380465,-0.0026566
2026-05-14T10:27:56.375311,-0.02,-0.92,-4,51.5380465,-0.0026566
2026-05-14T10:27:56.433766,-0.08,-0.08,-1.94,51.5380465,-0.0026566
2026-05-14T10:27:56.526340,0.01,0.05,-1.27,51.5380465,-0.0026566
2026-05-14T10:27:56.582301,0.11,0.21,-0.66,51.5380465,-0.0026566
2026-05-14T10:27:56.646465,0.6,0.17,0.11,51.5380465,-0.0026566
2026-05-14T10:27:56.706707,0.57,-0.32,0.73,51.5380465,-0.0026566
2026-05-14T10:27:56.766380,0.21,0.12,0.52,51.5380465,-0.0026566
2026-05-14T10:27:56.853089,0.37,0.58,-0.85,51.5380465,-0.0026566
2026-05-14T10:27:56.915396,-0.52,-0.03,-2.57,51.5380465,-0.0026566
2026-05-14T10:27:56.975195,-0.21,-0.05,-2.27,51.5380465,-0.0026566
2026-05-14T10:27:57.034399,-0.11,-0.04,-1.96,51.5380465,-0.0026566
2026-05-14T10:27:57.092484,0.04,0.15,-1.26,51.5380465,-0.0026566
2026-05-14T10:27:57.185311,-0.1,0.31,-0.51,51.5380465,-0.0026566
2026-05-14T10:27:57.245306,0.62,0.11,0.26,51.5380465,-0.0026566
2026-05-14T10:27:57.302656,0.7,-0.21,0.96,51.5380465,-0.0026566
2026-05-14T10:27:57.365466,0.32,0.02,0.58,51.5380465,-0.0026566
2026-05-14T10:27:57.424710,-0.08,0.42,-1.14,51.5380465,-0.0026566
2026-05-14T10:27:57.514056,-0.66,0.13,-2.77,51.5380465,-0.0026566
2026-05-14T10:27:57.578961,0.18,-0.36,-2.38,51.5380465,-0.0026566
2026-05-14T10:27:57.632827,-0.2,-0.15,-1.88,51.5380478,-0.0026905
2026-05-14T10:27:57.695296,-0.08,0.02,-1.35,51.5380478,-0.0026905
2026-05-14T10:27:57.751613,-0.05,0.22,-0.41,51.5380478,-0.0026905
2026-05-14T10:27:57.845914,0.38,-0.08,0.55,51.5380478,-0.0026905
2026-05-14T10:27:57.904543,0.36,-0.18,0.66,51.5380478,-0.0026905
2026-05-14T10:27:57.964550,0.4,0.09,0.49,51.5380478,-0.0026905
2026-05-14T10:27:58.024309,-0.16,0.67,-1.16,51.5380478,-0.0026905
2026-05-14T10:27:58.082702,-0.66,-0.24,-2.51,51.5380478,-0.0026905
2026-05-14T10:27:58.176855,0.17,-0.61,-2.28,51.5380478,-0.0026905
2026-05-14T10:27:58.231753,-0.35,-0.33,-2.1,51.5380478,-0.0026905
2026-05-14T10:27:58.296413,0.01,0.05,-1.49,51.5380478,-0.0026905
2026-05-14T10:27:58.355834,0.13,0.19,-0.29,51.5380478,-0.0026905
2026-05-14T10:27:58.412872,0.31,-0.08,0.76,51.5380478,-0.0026905
2026-05-14T10:27:58.504558,0.58,-0.21,0.31,51.5380478,-0.0026905
2026-05-14T10:27:58.566192,-0.13,-0.02,0.48,51.5380478,-0.0026905
2026-05-14T10:27:58.624340,0.03,0.51,-1.53,51.5380478,-0.0026905
2026-05-14T10:27:58.685039,-0.3,0.06,-2.26,51.5380478,-0.0026905
2026-05-14T10:27:58.744847,-0.2,-0.26,-1.46,51.5380478,-0.0026905
2026-05-14T10:27:58.832832,-0.11,-0.13,-0.96,51.5380478,-0.0026905
2026-05-14T10:27:58.893538,-0.13,-0.08,-1.1,51.5380478,-0.0026905
2026-05-14T10:27:58.954707,-0.14,-0.02,-0.82,51.5380478,-0.0026905
2026-05-14T10:27:59.014843,0.14,-0.06,-1,51.5380478,-0.0026905
2026-05-14T10:27:59.073877,0.12,-0.07,-1,51.5380478,-0.0026905
2026-05-14T10:27:59.192422,0.03,-0.09,-1.06,51.5380478,-0.0026905
2026-05-14T10:27:59.221655,-0.05,-0.08,-1.06,51.5380478,-0.0026905
2026-05-14T10:27:59.284423,0.04,-0.12,-1.02,51.5380478,-0.0026905
2026-05-14T10:27:59.346445,-0.05,-0.19,-0.97,51.5380478,-0.0026905
2026-05-14T10:27:59.405290,0,-0.19,-0.99,51.5380478,-0.0026905
2026-05-14T10:27:59.494381,-0.03,-0.26,-0.94,51.5380478,-0.0026905
2026-05-14T10:27:59.554656,-0.08,-0.28,-0.91,51.5380478,-0.0026905
2026-05-14T10:27:59.614907,-0.08,-0.28,-0.96,51.5380478,-0.0026905
2026-05-14T10:27:59.675038,-0.07,-0.28,-0.95,51.5380478,-0.0026905
2026-05-14T10:27:59.733098,-0.07,-0.28,-0.94,51.5380478,-0.0026905
2026-05-14T10:27:59.826988,-0.07,-0.28,-0.94,51.5380478,-0.0026905
2026-05-14T10:27:59.885707,-0.08,-0.28,-0.94,51.5380478,-0.0026905
2026-05-14T10:27:59.945185,-0.07,-0.28,-0.94,51.5380478,-0.0026905
2026-05-14T10:28:00.032217,-0.08,-0.28,-0.94,51.5380478,-0.0026905
2026-05-14T10:28:00.062633,-0.08,-0.28,-0.94,51.5380478,-0.0026905
2026-05-14T10:28:00.156121,-0.08,-0.28,-0.94,51.5380478,-0.0026905
2026-05-14T10:28:00.212813,-0.08,-0.28,-0.94,51.5380478,-0.0026905
2026-05-14T10:28:00.275869,-0.08,-0.28,-0.94,51.5380478,-0.0026905
2026-05-14T10:28:00.334213,-0.08,-0.28,-0.94,51.5380478,-0.0026905
2026-05-14T10:28:00.392024,-0.08,-0.28,-0.94,51.5380478,-0.0026905
2026-05-14T10:28:00.480547,-0.08,-0.28,-0.94,51.5380478,-0.0026905
2026-05-14T10:28:00.540722,-0.08,-0.28,-0.94,51.5380478,-0.0026905
2026-05-14T10:28:00.601165,-0.08,-0.28,-0.94,51.5380478,-0.0026905
2026-05-14T10:28:00.659869,-0.08,-0.28,-0.94,51.5380478,-0.0026905
2026-05-14T10:28:00.720375,-0.08,-0.28,-0.94,51.5380478,-0.0026905
2026-05-14T10:28:00.810384,-0.08,-0.28,-0.94,51.5380478,-0.0026905
2026-05-14T10:28:00.870220,-0.08,-0.28,-0.94,51.5380478,-0.0026905
2026-05-14T10:28:00.930784,-0.08,-0.28,-0.94,51.5380478,-0.0026905
2026-05-14T10:28:00.991672,-0.08,-0.28,-0.94,51.5380478,-0.0026905
2026-05-14T10:28:01.051159,-0.07,-0.28,-0.94,51.5380478,-0.0026905
2026-05-14T10:28:01.141630,-0.08,-0.28,-0.94,51.5380478,-0.0026905
2026-05-14T10:28:01.200861,-0.08,-0.28,-0.94,51.5380478,-0.0026905
2026-05-14T10:28:01.261321,-0.08,-0.28,-0.94,51.5380478,-0.0026905
2026-05-14T10:28:01.322386,-0.08,-0.28,-0.94,51.5380478,-0.0026905
2026-05-14T10:28:01.381459,-0.08,-0.28,-0.94,51.5380478,-0.0026905
2026-05-14T10:28:01.471100,-0.07,-0.28,-0.94,51.5380478,-0.0026905
2026-05-14T10:28:01.532878,-0.08,-0.28,-0.94,51.5380478,-0.0026905
2026-05-14T10:28:01.591428,-0.08,-0.28,-0.94,51.5380478,-0.0026905
2026-05-14T10:28:01.651384,-0.08,-0.28,-0.94,51.5380478,-0.0026905
2026-05-14T10:28:01.711417,-0.08,-0.28,-0.94,51.5380478,-0.0026905
2026-05-14T10:28:01.801702,-0.08,-0.28,-0.94,51.5380478,-0.0026905
2026-05-14T10:28:01.861173,-0.08,-0.28,-0.94,51.5380478,-0.0026905
2026-05-14T10:28:01.921725,-0.08,-0.28,-0.94,51.5380478,-0.0026905
2026-05-14T10:28:01.981306,-0.07,-0.28,-0.94,51.5380478,-0.0026905
2026-05-14T10:28:02.039949,-0.08,-0.28,-0.94,51.5380478,-0.0026905
